place_original	place_reconciled	place_wikidata_id	description_de	description	img_url	coordinate location	WKT	GND ID	Freebase ID	GeoNames ID	TGN ID	place_compilation_korbo_uri
Aachen	Aachen	Q1017	Großstadt in Nordrhein-Westfalen, Deutschland	city in North Rhine-Westphalia, Germany	https://upload.wikimedia.org/wikipedia/commons/3/39/Blick_AC_Dom_von_St_Jakob.JPG	50.776207,6.083788	POINT(6.083788 50.776207)	4000003-5	/m/0qjd	3247449	7004799	http://purl.org/net7/korbo2/item/404
Aarau	Aarau	Q14274	politische Gemeinde, Hauptort des Kantons Aargau, Schweiz	capital of Canton Aargau, Switzerland	https://upload.wikimedia.org/wikipedia/commons/f/f0/Aarau_Altstadt_Kirche_8941.jpg	47.3923,8.0446	POINT(8.0446 47.3923)	4000018-7	/m/0zq6	7285013		http://purl.org/net7/korbo2/item/423
Aigle	Aigle	Q43195	Gemeinde im Kanton Waadt in der Schweiz	municipality in Switzerland	https://upload.wikimedia.org/wikipedia/commons/5/53/Aigle.jpg	46.3173,6.9646	POINT(6.9646 46.3173)	4289597-2	/m/02md8j	7285042		http://korbo2.org/v1/items/2161
Aigle (Waadt)	Aigle	Q43195	Gemeinde im Kanton Waadt in der Schweiz	municipality in Switzerland	https://upload.wikimedia.org/wikipedia/commons/5/53/Aigle.jpg	46.3173,6.9646	POINT(6.9646 46.3173)	4289597-2	/m/02md8j	7285042		http://purl.org/net7/korbo2/item/2161
Amsterdam	Amsterdam	Q727	Hauptstadt der Niederlande	capital and largest city of the Netherlands	https://upload.wikimedia.org/wikipedia/commons/7/74/AmsterdamLuchtfotoBmz.jpg	52.383333333333,4.9	POINT(4.9 52.383333333333)	4001783-7	/m/0k3p	2759794	7006952	http://purl.org/net7/korbo2/item/3011
Anticoli Corrado	Anticoli Corrado	Q241708	italienische Gemeinde	Italian comune	https://upload.wikimedia.org/wikipedia/commons/1/19/Anticoli_Corrado_01.jpg	42.016666666667,12.983333333333	POINT(12.983333333333 42.016666666667)	4428359-3	/m/0gm6r6	6538667		http://purl.org/net7/korbo2/item/791
Anvers	Antwerp	Q12892	belgische Großstadt	city in the province of Antwerp, Belgium	https://upload.wikimedia.org/wikipedia/commons/6/6d/Antwerpen_vanop_mas_2.JPG	51.217777777778,4.4002777777778	POINT(4.4002777777778 51.217777777778)	4002364-3	/m/0fydw	2803139	7007856	http://purl.org/net7/korbo2/item/433
Arbon Kt. Thurgau	Arbon	Q64156	Gemeinde in der Schweiz	municipality in Switzerland	https://upload.wikimedia.org/wikipedia/commons/4/4a/Picswiss_TG-11-01.jpg	47.516666666667,9.4333333333333	POINT(9.4333333333333 47.516666666667)	4085883-2	/m/0g363d	7285089		http://purl.org/net7/korbo2/item/248
Arisdorf	Arisdorf	Q66564	Gemeinde in der Schweiz	municipality in Switzerland	https://upload.wikimedia.org/wikipedia/commons/e/e9/Arisdorf-olsberg.JPG	47.512777777778,7.765	POINT(7.765 47.512777777778)	4567671-9	/m/0g6f0y	7285094		http://purl.org/net7/korbo2/item/415
Arlesheim	Arlesheim	Q581647	Gemeinde in der Schweiz	municipality in Switzerland	https://upload.wikimedia.org/wikipedia/commons/3/33/Arlesheim-Dorf.jpg	47.492222222222,7.6202777777778	POINT(7.6202777777778 47.492222222222)	4002929-3	/m/0g77y5	7285096		http://purl.org/net7/korbo2/item/440
Arosa	Arosa	Q63954	Gemeinde in der Schweiz	resort in the canton of Graubünden, Switzerland	https://upload.wikimedia.org/wikipedia/commons/f/fd/Arosa2007_12_15_001.JPG	46.783055555556,9.6830555555556	POINT(9.6830555555556 46.783055555556)	4079837-9	/m/0643ch	7285102		http://purl.org/net7/korbo2/item/247
Aussersihl	Aussersihl	Q677133	Stadtteil von Zürich	district in Zürich, Switzerland	https://upload.wikimedia.org/wikipedia/commons/c/c0/Z%C3%BCrich_-_Hardau_-_Industriequartier_-_Uetlibergturm_IMG_1596.JPG	47.375,8.527	POINT(8.527 47.375)	4657875-4	/m/02vv251	2661666		http://purl.org/net7/korbo2/item/400
Baden (Aargau)	Baden	Q63939	Gemeinde im Kanton Aargau, Schweiz	municipality in the canton Aargau, Switzerland	https://upload.wikimedia.org/wikipedia/commons/a/ad/Switzerland-Baden-oldcityview.jpg	47.473333333333,8.3041666666667	POINT(8.3041666666667 47.473333333333)	4004164-5	/m/0m38g	7285134	7007314	http://purl.org/net7/korbo2/item/249
Baden-Baden	Baden-Baden	Q4100	kreisfreie Stadt in Baden-Württemberg, Deutschland	town in Baden-Württemberg, Germany	https://upload.wikimedia.org/wikipedia/commons/1/1c/Baden-Baden_10-2015_img24_Stiftskirche.jpg	48.761944444444,8.2408333333333	POINT(8.2408333333333 48.761944444444)	4004169-4	/m/0m38x	2953504		http://purl.org/net7/korbo2/item/103482
Badenweiler	Badenweiler	Q25430	Gemeinde in Baden-Württemberg, Deutschland	municipality in Baden-Württemberg, Germany	https://upload.wikimedia.org/wikipedia/commons/5/5f/BW13_Park_Therme.jpg	47.801666666667,7.6719444444444	POINT(7.6719444444444 47.801666666667)	4004174-8	/m/0f_cp	2953482		http://purl.org/net7/korbo2/item/256
Baia	Baiae	Q290097	antike Siedlung am Golf von Neapel	human settlement in Bacoli, Metropolitan City of Naples, Campania, Italy	https://upload.wikimedia.org/wikipedia/commons/0/04/Baia_crater_edge.jpg	40.816666666667,14.069722222222	POINT(14.069722222222 40.816666666667)	4080241-3	/m/03m0rg	3182488		http://purl.org/net7/korbo2/item/403
Basel	Basel	Q78	Schweizer Stadt und Hauptort des Kantons Baselstadt	city on the Rhine, in Switzerland	https://upload.wikimedia.org/wikipedia/commons/c/cb/Rhine_Rhein_Basel_2006_871.JPG	47.550555555556,7.5911111111111	POINT(7.5911111111111 47.550555555556)	4004617-5	/m/01k4f	7285161	7007269	http://purl.org/net7/korbo2/item/12
Beinwil	Beinwil	Q65024	Gemeinde im Kanton Aargau in der Schweiz	municipality in Aargau, Switzerland	https://upload.wikimedia.org/wikipedia/commons/9/9d/Beinwil_%28Freiamt%29_196.jpg	47.231666666667,8.3455555555556	POINT(8.3455555555556 47.231666666667)	2112017-1	/m/0flrsg	7285182		http://purl.org/net7/korbo2/item/64
Bellaggio	Bellagio	Q244095	italienische Gemeinde	Italian comune	https://upload.wikimedia.org/wikipedia/commons/d/d7/Bellagio_sfhb.jpg	45.9875,9.2619444444444	POINT(9.2619444444444 45.9875)	4140569-9	/m/033d08	6540160		http://purl.org/net7/korbo2/item/272
Bellinzona	Bellinzona	Q64044	Schweizer Stadt und Hauptort des Kantons Tessin	capital city of the canton of Ticino, Switzerland	https://upload.wikimedia.org/wikipedia/commons/a/a4/Tre_Castelli.jpg	46.195555,9.023809	POINT(9.023809 46.195555)	4005432-9	/m/033v4v	2661567		http://purl.org/net7/korbo2/item/71
Benken	Biel-Benken	Q70067	Gemeinde in der Schweiz	municipality in Switzerland	https://upload.wikimedia.org/wikipedia/commons/1/11/Biel-Benken%2C_Pfarrkirche_St._Antonius.jpg	47.506944444444,7.525	POINT(7.525 47.506944444444)	4332085-5	/m/0g77yy	6698596		http://purl.org/net7/korbo2/item/432
Bergen	Bergen-Enkheim	Q314066	Stadtteil von Frankfurt am Main	district of Frankfurt, Germany	https://upload.wikimedia.org/wikipedia/commons/b/ba/Bergerrathaus2.JPG	50.155, 8.753056	POINT(8.753056 50.155)	4655518-3	/m/074v3y	2950614		http://purl.org/net7/korbo2/item/452
Berlin	Berlin	Q64	deutsche Großstadt; Hauptstadt und Land der Bundesrepublik Deutschland	capital and largest city of Germany	https://upload.wikimedia.org/wikipedia/commons/0/02/Berlin_Skyline_Fernsehturm_02.jpg	52.516666666667,13.383333333333	POINT(13.383333333333 52.516666666667)	4005728-8	/m/0156q	2950159	7209904	http://purl.org/net7/korbo2/item/13
Bern	Bern	Q70	Bundesstadt der Schweiz und Hauptort des Kantons Bern	capital of Switzerland	https://upload.wikimedia.org/wikipedia/commons/7/75/Bern_luftaufnahme.png	46.94798,7.44743	POINT(7.44743 46.94798)	4005762-8	/m/0d6nx	7285212	7007557	http://purl.org/net7/korbo2/item/25
Bezirk Sigmaringen	Sigmaringen	Q82858	Stadt in Deutschland	municipality in Germany	https://upload.wikimedia.org/wikipedia/commons/1/11/Sigmaringen_schloss.jpg	48.086666666667,9.2163888888889	POINT(9.2163888888889 48.086666666667)	4054930-6	/m/01jlln	2832232		http://korbo2.org/v1/items/104817
Bielefeld	Bielefeld	Q2112	Großstadt in Nordrhein-Westfalen, Deutschland	city in Germany	https://upload.wikimedia.org/wikipedia/commons/d/df/Sparrenburg_innovative_sights.JPG	52.016666666667,8.5166666666667	POINT(8.5166666666667 52.016666666667)	4006510-8	/m/018m98	2949186		http://purl.org/net7/korbo2/item/417
Bischofszell	Bischofszell	Q64865	Gemeinde in der Schweiz	municipality in Switzerland	https://upload.wikimedia.org/wikipedia/commons/9/98/Bischofszell-Rathaus.jpg	47.499722222222,9.2333333333333	POINT(9.2333333333333 47.499722222222)	4006957-6	/m/0g30fj	8394414		http://korbo2.org/v1/items/104815
Blasewitz	Blasewitz	Q8897	Stadtteil der Landeshauptstadt Dresden, Sachsen, Deutschland	borough of Dresden, Germany	https://upload.wikimedia.org/wikipedia/commons/f/f5/Alexander-Frantz-Sternwarte_in_Blasewitz_3.jpg	51.052777777778,13.795833333333	POINT(13.795833333333 51.052777777778)	5010169-9		2948000		http://korbo2.org/v1/items/102882
Böhmisch Rudoletz	Český Rudolec	Q341258	Gemeinde in Tschechien	Village in Jindřichův Hradec District of South Bohemian region	https://upload.wikimedia.org/wikipedia/commons/a/a1/Z%C3%A1mek_%C4%8Cesk%C3%BD_Rudolec_2007_celkov%C4%9B.jpg	49.068409484688,15.324382292306	POINT(15.324382292306 49.068409484688)	1076805701	/m/07kb37y	3077884		http://korbo2.org/v1/items/103720
Bonn	Bonn	Q586	Großstadt in Nordrhein-Westfalen, ehemalige Hauptstadt der Bundesrepublik Deutschland	city in Germany, former capital	https://upload.wikimedia.org/wikipedia/commons/1/1e/Rathaus_Bonn_136_1-vzkh.jpg	50.733888888889,7.0997222222222	POINT(7.0997222222222 50.733888888889)	4007666-0	/m/0150n	2946447		http://purl.org/net7/korbo2/item/444
Braunau	Braunau am Inn	Q131128	Stadt in Österreich	municipality in Austria	https://upload.wikimedia.org/wikipedia/commons/2/29/Braunau_am_Inn.jpg	48.258333333333,13.033333333333	POINT(13.033333333333 48.258333333333)	4008037-7	/m/0196c5	2781520		http://purl.org/net7/korbo2/item/818
Breslau	Wrocław	Q1799	Stadt in Polen, Hauptstadt der Woiwodschaft Niederschlesien	city in Lower Silesian Voivodeship, Poland	https://upload.wikimedia.org/wikipedia/commons/b/bb/Wroc%C5%82aw_Collage.png	51.10773,17.03533	POINT(17.03533 51.10773)	4008216-7	/m/0845b	7531292	7007601	http://purl.org/net7/korbo2/item/445
Bruchsal	Bruchsal	Q7059	Stadt im Landkreis Karlsruhe (Deutschland)	town in Baden-Württemberg, Germany	https://upload.wikimedia.org/wikipedia/commons/9/9d/Bruchsal_%2823%29.jpg	49.133333333333,8.6	POINT(8.6 49.133333333333)	4008388-3	/m/0452j1	2943560		http://purl.org/net7/korbo2/item/705
Bruges	Bruges	Q12994	Stadt in Westflandern, Belgien	city in West Flanders, Belgium	https://upload.wikimedia.org/wikipedia/commons/2/2c/Bruges_view_from_the_belfry.JPG	51.209444444444,3.22	POINT(3.22 51.209444444444)	4069688-1	/m/0k424	2800931	7007867	http://purl.org/net7/korbo2/item/793
Budapest	Budapest	Q1781	Hauptstadt von Ungarn	capital city of Hungary	https://upload.wikimedia.org/wikipedia/commons/3/3e/Montage_of_Budapest.jpg	47.498333333333,19.040833333333	POINT(19.040833333333 47.498333333333)	4008684-7	/m/095w_	3054638	7017994	http://purl.org/net7/korbo2/item/303
Cassel	Kassel	Q2865	Großstadt in Hessen, Deutschland	city in Hesse, Germany	https://upload.wikimedia.org/wikipedia/commons/7/7c/Herkules_wasserspiele_1_ds_05_2006.JPG	51.315777777778,9.4979166666667	POINT(9.4979166666667 51.315777777778)	4029869-3	/m/0bkv0	2892518	7004431	http://purl.org/net7/korbo2/item/254
Catanzaro	Catanzaro	Q3883	italienische Gemeinde	Italian city and capital of the Calabria province	https://upload.wikimedia.org/wikipedia/commons/4/4b/Collage_-_Catanzaro.png	38.91,16.5875	POINT(16.5875 38.91)	4229457-5	/m/046jpv	6541858		http://korbo2.org/v1/items/104847
Charlottenburg	Charlottenburg	Q162049	Ortsteil von Berlin	locality of Berlin, Germany	https://upload.wikimedia.org/wikipedia/commons/4/42/Charlottenburg_Hohenzollern_2.jpg	52.516666666667,13.3	POINT(13.3 52.516666666667)	4087306-7	/m/022nb8	2940187		http://purl.org/net7/korbo2/item/59
Corfu	Corfu	Q205832	Hauptstadt der griechischen Insel und Gemeinde Korfu	Capital of the Greek island and municipality of Corfu	https://upload.wikimedia.org/wikipedia/commons/2/22/Platia_Dimarchiu.jpg	39.616666666667,19.916666666667	POINT(19.916666666667 39.616666666667)	4192393-5	/m/09lgkz	2463679		http://purl.org/net7/korbo2/item/439
Czernowitz	Chernivtsi	Q157725	Stadt in der Ukraine	city in Ukraine	https://upload.wikimedia.org/wikipedia/commons/5/5b/%D0%92%D0%B5%D1%87%D1%96%D1%80%D0%BD%D1%94_%D0%BC%D1%96%D1%81%D1%82%D0%BE.jpg	48.290833333333,25.934444444444	POINT(25.934444444444 48.290833333333)	63628-9	/m/01_w5q	710719		http://korbo2.org/v1/items/104939
Děčín	Děčín	Q146307	Stadt in Tschechien	town in Czech Republic	https://upload.wikimedia.org/wikipedia/commons/6/6c/Decin.JPG	50.773611111111,14.196111111111	POINT(14.196111111111 50.773611111111)	4106190-1	/m/03r7t7	3077244		http://purl.org/net7/korbo2/item/38
Den Haag	The Hague	Q36600	Hauptstadt der Provinz Südholland, Parlaments- und Regierungssitz der Niederlande	municipality in the Netherlands, seat of the Dutch government	https://upload.wikimedia.org/wikipedia/commons/c/cf/Het_Plein_2012.jpg	52.084166666667,4.3175	POINT(4.3175 52.084166666667)	4011446-6	/m/07g0_	2747372	7006810	http://purl.org/net7/korbo2/item/800
Dresden	Dresden	Q1731	Landeshauptstadt des Freistaates Sachsen, Deutschland	capital city of the Free State of Saxony in Germany		51.049258333333,13.738361111111	POINT(13.738361111111 51.049258333333)	4012995-0	/m/09b9m	2935020	7004455	http://purl.org/net7/korbo2/item/264
Ebenhausen	Baar-Ebenhausen	Q490463	Gemeinde in Deutschland	municipality of Germany	https://upload.wikimedia.org/wikipedia/commons/9/9b/Baar-kirche.jpg	48.666666666667,11.433333333333	POINT(11.433333333333 48.666666666667)	4702174-3	/m/02q6w2p	3208325		http://purl.org/net7/korbo2/item/412
Edgbaston-Birmingham	Edgbaston	Q3047556	Stadtteil von Birmingham, England	area in the city of Birmingham, England		52.45805,-1.9190472222222	POINT(-1.9190472222222 52.45805)	5114525-X	/m/02n7wd	2650236		http://purl.org/net7/korbo2/item/279
Florence	Florence	Q2044	Hauptstadt der Toskana und der Provinz Florenz	Italian city, located in Tuscany	https://upload.wikimedia.org/wikipedia/commons/6/63/Collage_Firenze.jpg	43.771388888889,11.254166666667	POINT(11.254166666667 43.771388888889)	4017581-9	/m/031y2	6542285	7000457	http://korbo2.org/v1/items/2520
Florenz	Florence	Q2044	Hauptstadt der Toskana und der Provinz Florenz	Italian city, located in Tuscany	https://upload.wikimedia.org/wikipedia/commons/6/63/Collage_Firenze.jpg	43.771388888889,11.254166666667	POINT(11.254166666667 43.771388888889)	4017581-9	/m/031y2	6542285	7000457	http://purl.org/net7/korbo2/item/261
Francoforte sul Meno	Frankfurt	Q1794	Großstadt in Hessen	city in Germany	https://upload.wikimedia.org/wikipedia/commons/d/d7/Skyline_Frankfurt_am_Main_2015.jpg	50.113611111111,8.6797222222222	POINT(8.6797222222222 50.113611111111)	4018118-2	/m/02z0j	2925533	7005293	http://purl.org/net7/korbo2/item/385
Frankfurt a. d. Oder	Frankfurt (Oder)	Q4024	kreisfreie Stadt in Brandenburg, Deutschland	town in Brandenburg, Germany	https://upload.wikimedia.org/wikipedia/commons/5/59/01_Luftbild_Frankfurt_oder_Slubice_09072011.jpg	52.35,14.55	POINT(14.55 52.35)	4018122-4	/m/0p828	2925535		http://purl.org/net7/korbo2/item/313
Frankfurt am Main	Frankfurt	Q1794	Großstadt in Hessen	city in Germany	https://upload.wikimedia.org/wikipedia/commons/d/d7/Skyline_Frankfurt_am_Main_2015.jpg	50.113611111111,8.6797222222222	POINT(8.6797222222222 50.113611111111)	4018118-2	/m/02z0j	2925533	7005293	http://purl.org/net7/korbo2/item/2594
Frauenfeld	Frauenfeld	Q68120	Schweizer Gemeinde und Hauptort des Kantons Thurgau	town in, and capital of, the Swiss canton of Thurgau	https://upload.wikimedia.org/wikipedia/commons/f/fa/20080507_1708MESZ_Schloss_Frauenfeld_1680x1050_HDR.jpg	47.555833333333,8.8963888888889	POINT(8.8963888888889 47.555833333333)	4018220-4	/m/05sx7q	2660727		http://purl.org/net7/korbo2/item/821
Freiburg im Breisgau	Freiburg im Breisgau	Q2833	Großstadt in Baden-Württemberg, Deutschland	large city in Baden-Württemberg, Germany	https://upload.wikimedia.org/wikipedia/commons/3/39/Freiburger_M%C3%BCnster.jpg	47.994722222222,7.8497222222222	POINT(7.8497222222222 47.994722222222)	4018272-1	/m/0ptj2	2925177		http://purl.org/net7/korbo2/item/422
Fusio	Lavizzara	Q68005	Gemeinde in der Schweiz	municipality in Vallemaggia, canton of Ticino, Switzerland	https://upload.wikimedia.org/wikipedia/commons/3/39/Lavizzara_Prato-Sornico.jpg	46.433333333333,8.65	POINT(8.65 46.433333333333)	7578969-3	/m/0gxmr_	7286292		http://purl.org/net7/korbo2/item/441
Gemmingen	Gemmingen	Q518786	Gemeinde in Deutschland	municipality in Germany	https://upload.wikimedia.org/wikipedia/commons/e/e4/Rathaus_Gemmingen.jpg	49.15,8.9833333333333	POINT(8.9833333333333 49.15)	4020061-9	/m/02p_pl0	2921389		http://purl.org/net7/korbo2/item/416
Genève	Geneva	Q71	Schweizer Stadt und Hauptort des Kantons Genf	city in Switzerland and capital of its canton	https://upload.wikimedia.org/wikipedia/commons/3/3b/Geneva_from_Mount_Sal%C3%A8ve.jpg	46.2,6.15	POINT(6.15 46.2)	4020137-5	/m/03902	7285902	7007279	http://purl.org/net7/korbo2/item/814
Genova	Genoa	Q1449	Italienische Großstadt im Nordwesten Italiens	Italian city	https://upload.wikimedia.org/wikipedia/commons/4/48/Genova-DSCF7470.JPG	44.407186111111,8.9339833333333	POINT(8.9339833333333 44.407186111111)	4020185-5	/m/0hknf	6542282	7008546	http://purl.org/net7/korbo2/item/48
Genua	Genoa	Q1449	Italienische Großstadt im Nordwesten Italiens	Italian city	https://upload.wikimedia.org/wikipedia/commons/4/48/Genova-DSCF7470.JPG	44.407186111111,8.9339833333333	POINT(8.9339833333333 44.407186111111)	4020185-5	/m/0hknf	6542282	7008546	http://purl.org/net7/korbo2/item/2047
Giessbach	Grandhotel Giessbach	Q14558102	"<?xml version='1.0' encoding='UTF-8'?>
<sparql xmlns='http://www.w3.org/2005/sparql-results#'>
	<head>
		<variable name='value'/>
	</head>
	<results>
	</results>
</sparql>
"	"<?xml version='1.0' encoding='UTF-8'?>
<sparql xmlns='http://www.w3.org/2005/sparql-results#'>
	<head>
		<variable name='value'/>
	</head>
	<results>
	</results>
</sparql>
"	https://upload.wikimedia.org/wikipedia/commons/c/c4/Grandhotel_Giessbach.jpg	46.735422,8.023439	POINT(8.023439 46.735422)	4808793-2				http://korbo2.org/v1/items/104887
Gotha	Gotha	Q6986	Stadt in Thüringen	town in Thuringia, Germany	https://upload.wikimedia.org/wikipedia/commons/6/6f/Gotha_Blick_vom_B%C3%BCrgerturm.jpg	50.948888888889,10.718333333333	POINT(10.718333333333 50.948888888889)	4021652-4	/m/035bpp	2918752		http://purl.org/net7/korbo2/item/47
Göttibach b. Thun	Thun	Q68978	Stadt im Kanton Bern in der Schweiz	city in the canton of Bern, Switzerland	https://upload.wikimedia.org/wikipedia/commons/8/80/1_thun_castle_view_2012.jpg	46.759,7.63	POINT(7.63 46.759)	4059991-7	/m/025379	7287306		http://purl.org/net7/korbo2/item/805
Göttingen	Göttingen	Q3033	Großstadt in Niedersachsen, Deutschland	Large city in Lower Saxony, Germany	https://upload.wikimedia.org/wikipedia/commons/8/8a/Goettingen_Marktplatz_Oct06_Antilived.jpg	51.533888888889,9.9355555555556	POINT(9.9355555555556 51.533888888889)	4021477-1	/m/0bj40	2918632		http://purl.org/net7/korbo2/item/442
Haida	Nový Bor	Q1000086	Gemeinde in Tschechien	town in the Liberec Region of the Czech Republic	https://upload.wikimedia.org/wikipedia/commons/9/93/Luftbild_von_Nov%C3%BD_Bor.JPG	50.757681178047,14.555662165889	POINT(14.555662165889 50.757681178047)	4304888-2	/m/07h8_d	3069381		http://purl.org/net7/korbo2/item/795
Hallau	Hallau	Q69172	Gemeinde in der Schweiz	municipality in Switzerland	https://upload.wikimedia.org/wikipedia/commons/0/06/Hallau-Dorf.jpg	47.6966,8.4578	POINT(8.4578 47.6966)	4398622-5	/m/0fvsnx	7286027		http://purl.org/net7/korbo2/item/424
Hamburg	Hamburg	Q1055	Stadtstaat und ein Land der Bundesrepublik Deutschland	city in Germany, city state and federal state	https://upload.wikimedia.org/wikipedia/commons/d/dd/Hamburg_Binnenalster_%26_Rathaus.jpg	53.55,10	POINT(10 53.55)	4023118-5	/m/03hrz	2911297	7003673	http://purl.org/net7/korbo2/item/310
Hannover	Hanover	Q1715	Hauptstadt von Niedersachsen, Deutschland	capital city of the German federated state of Lower Saxony	https://upload.wikimedia.org/wikipedia/commons/9/9a/Neues_Rathaus_Hannover_M%C3%A4rz_2010.jpg	52.374444444444,9.7386111111111	POINT(9.7386111111111 52.374444444444)	4023349-2	/m/03pbf	2910831	7013260	http://purl.org/net7/korbo2/item/443
Heidelberg	Heidelberg	Q2966	Großstadt in Baden-Württemberg, Deutschland	city in Baden-Württemberg, Germany	https://upload.wikimedia.org/wikipedia/commons/b/b4/Heidelberg_corr.jpg	49.412222222222,8.71	POINT(8.71 49.412222222222)	4023996-2	/m/0cm5m	2907911		http://purl.org/net7/korbo2/item/448
Helmstedt	Helmstedt	Q486562	Kreisstadt des Landkreises Helmstedt	municipality of Germany	https://upload.wikimedia.org/wikipedia/commons/5/52/Juleum_Helmstedt.jpg	52.228055555556,11.010555555556	POINT(11.010555555556 52.228055555556)	4024344-8	/m/033npq	2906676		http://purl.org/net7/korbo2/item/60
Herren-Chiemsee	Herreninsel	Q694888	größte Insel im Chiemsee	238 hectare island in Bavaria's largest lake, the Chiemsee	https://upload.wikimedia.org/wikipedia/commons/a/aa/Aerials_Bavaria_16.06.2006_11-39-31.jpg	47.860556,12.398056	POINT(12.398056 47.860556)	4024575-5	/m/0gbg8m	2905641		http://purl.org/net7/korbo2/item/434
Herzogenbuchsee	Herzogenbuchsee	Q67499	Gemeinde in der Schweiz	municipality in Switzerland	https://upload.wikimedia.org/wikipedia/commons/b/bd/Herzogenbuchsee_Luft_2017.jpg	47.18838,7.70619	POINT(7.70619 47.18838)	4124691-3	/m/030h5k	7286078		http://purl.org/net7/korbo2/item/305
Hottingen	Hottingen	Q693454	Quartier der Stadt Zürich, Schweiz	quarter of the city of Zurich, Switzerland		47.3681,8.5604	POINT(8.5604 47.3681)	4398622-5		6295507		http://purl.org/net7/korbo2/item/790
Imola	Imola	Q50195	Stadt in Oberitalien	town and comune in Italy	https://upload.wikimedia.org/wikipedia/commons/a/a4/Rocca_Sforzesca_-_Imola.jpg	44.353444388889,11.714373194444	POINT(11.714373194444 44.353444388889)	4235717-2	/m/03pnyr	6541032		http://purl.org/net7/korbo2/item/377
Innsbruck	Innsbruck	Q1735	Hauptstadt von Tirol	federated state capital of Tyrol, Austria	https://upload.wikimedia.org/wikipedia/commons/8/8d/Panorama_Innsbruck_1.jpg	47.266666666667,11.383333333333	POINT(11.383333333333 47.266666666667)	4027096-8	/m/0fhmy	2775216	7003249	http://purl.org/net7/korbo2/item/20
İstanbul	Istanbul	Q406	türkische Stadt am Bosporus	largest city in Turkey	https://upload.wikimedia.org/wikipedia/commons/5/5e/Istanbul2010.jpg	41.01,28.960277777778	POINT(28.960277777778 41.01)	4027821-9	/m/09949m	745044	7002473	http://purl.org/net7/korbo2/item/104795
Jena	Jena	Q3150	Großstadt an der Saale in Thüringen, Deutschland	city in Thuringia, Germany	https://upload.wikimedia.org/wikipedia/commons/6/6d/Zentrum_Jenas_2008-05-24.JPG	50.927222222222,11.586388888889	POINT(11.586388888889 50.927222222222)	4028557-1	/m/018_7x	2895042		http://purl.org/net7/korbo2/item/40
Karlsruhe	Karlsruhe	Q1040	Großstadt in Baden-Württemberg	German city in the state of Baden-Württemberg	https://upload.wikimedia.org/wikipedia/commons/9/99/Karlsruhe-Schloss-meph666-2005-Apr-22.jpg	49.016666666667,8.4	POINT(8.4 49.016666666667)	4029713-5	/m/0qb1z	2892794	7004424	http://purl.org/net7/korbo2/item/27
Kiel	Kiel	Q1707	Landeshauptstadt von Schleswig-Holstein, Deutschland	city in Schleswig-Holstein, Germany	https://upload.wikimedia.org/wikipedia/commons/6/62/KielerStadtzentrumLuftaufnahme.jpg	54.323333333333,10.139444444444	POINT(10.139444444444 54.323333333333)	4030481-4	/m/0g7pm	2891122		http://purl.org/net7/korbo2/item/257
Kilchberg (Zürich)	Kilchberg	Q66633	Gemeinde im Kanton Zürich in der Schweiz	municipality in the canton of Zürich, Switzerland	https://upload.wikimedia.org/wikipedia/commons/d/da/Kilchberg.JPG	47.324722222222,8.5491666666667	POINT(8.5491666666667 47.324722222222)	4097898-9	/m/04ff98	2660161		http://korbo2.org/v1/items/104948
Köln	Cologne	Q365	Metropole in Nordrhein-Westfalen, Deutschland	city in North Rhine-Westphalia, Germany	https://upload.wikimedia.org/wikipedia/commons/b/be/Stadtbild_K%C3%B6ln_%2850MP%29.jpg	50.942222222222,6.9577777777778	POINT(6.9577777777778 50.942222222222)	4031483-2	/m/01v8c	2886242	7004446	http://purl.org/net7/korbo2/item/425
Königsberg	Königsberg	Q4120832	Königliche Haupt- und Residenzstadt in Preußen	capital city in Prussia	https://upload.wikimedia.org/wikipedia/commons/b/ba/K%C3%B6nigsberg_Castle.jpg	54.716666666667,20.516666666667	POINT(20.516666666667 54.716666666667)	4031541-1	/m/03m7lkk	554234		http://purl.org/net7/korbo2/item/253
Krakau	Kraków	Q31487	Stadt in Polen	city in Lesser Poland Voivodeship, Poland	https://upload.wikimedia.org/wikipedia/commons/b/be/Collage_of_views_of_Cracow.PNG	50.061388888889,19.937222222222	POINT(19.937222222222 50.061388888889)	4073760-3	/m/0491y	6690154	7007652	http://purl.org/net7/korbo2/item/306
Krems an der Donau	Krems an der Donau	Q131266	Stadt in Österreich	city in Austria	https://upload.wikimedia.org/wikipedia/commons/4/48/Krems_Panorama.jpg	48.416666666667,15.616666666667	POINT(15.616666666667 48.416666666667)	4033043-6	/m/02hk7f	2773547		http://korbo2.org/v1/items/104770
Kressbronn 	Kressbronn am Bodensee	Q557658	Gemeinde in Deutschland	municipality in Baden-Württemberg, Germany	https://upload.wikimedia.org/wikipedia/commons/e/e9/Kressbronn_church_and_chapell.jpg	47.595833333333,9.6	POINT(9.6 47.595833333333)	4320686-4	/m/02p_g7v	2884344		http://purl.org/net7/korbo2/item/449
Kreuzburg (Oberschlesien)	Kluczbork	Q79322	Stadt in Polen	city of Poland	https://upload.wikimedia.org/wikipedia/commons/f/f0/Kluczbork_Rynek.JPG	50.983333333333,18.216666666667	POINT(18.216666666667 50.983333333333)	4097069-3	/m/0229bc	3096003		http://korbo2.org/v1/items/104755
L'Isle-Adam	L'Isle-Adam	Q911450	französische Gemeinde	commune in Val-d'Oise, France	https://upload.wikimedia.org/wikipedia/commons/5/5d/L%27Isle-Adam_%2895%29%2C_pavillon_chinois_de_Cassan.jpg	49.111111111111,2.2227777777778	POINT(2.2227777777778 49.111111111111)	4577885-1	/m/03c91vk	6614253		http://purl.org/net7/korbo2/item/390
Lago Maggiore	Lake Maggiore	Q14379	See in der Schweiz und Italien	lake in Italy and Switzerland	https://upload.wikimedia.org/wikipedia/commons/e/e4/Lago_Maggiore_Traghetto.JPG	45.95,8.6333333333333	POINT(8.6333333333333 45.95)	4034092-2	/m/034mxc	2659792		http://purl.org/net7/korbo2/item/456
Lahr	Lahr/Schwarzwald	Q7039	Stadt in Deutschland	city in western Baden-Württemberg, Germany	https://upload.wikimedia.org/wikipedia/commons/d/d5/Kuhbach_b._Lahr_-_Ortsansicht_mit_Pfarrkirche_-_2010-02-20_%28Landschaftsbild%29.jpg	48.339166666667,7.8722222222222	POINT(7.8722222222222 48.339166666667)	4034109-4	/m/04pnbl	2881885		http://purl.org/net7/korbo2/item/127
Laufenburg	Laufenburg (Baden)	Q539801	Stadt in Deutschland	municipality in Germany	https://upload.wikimedia.org/wikipedia/commons/4/44/Laufenburg%28baden%29.jpg	47.565555555556,8.0647222222222	POINT(8.0647222222222 47.565555555556)	4269481-4	/m/085qr1	6559168		http://purl.org/net7/korbo2/item/429
Lausanne	Lausanne	Q807	Schweizer Stadt und Hauptstadt des Kantons Waadt	capital city of the Swiss Canton of Vaud	https://upload.wikimedia.org/wikipedia/commons/b/b7/Lausanne_img_0585.jpg	46.533333333333,6.6333333333333	POINT(6.6333333333333 46.533333333333)	4034750-3	/m/04qdj	7286283	7007299	http://purl.org/net7/korbo2/item/437
Leipzig	Leipzig	Q2079	Großstadt in Sachsen, Deutschland	city in Saxony, Germany	https://upload.wikimedia.org/wikipedia/commons/0/06/V%C3%B6lki_fullsize.jpg	51.333333333333,12.383333333333	POINT(12.383333333333 51.333333333333)	4035206-7	/m/04kf4	2879139	7012329	http://purl.org/net7/korbo2/item/68
Lenzburg	Lenzburg	Q69433	Gemeinde in der Schweiz	municipality in Switzerland	https://upload.wikimedia.org/wikipedia/commons/f/fa/Lenzburg_metzgplatz.jpg	47.3875,8.1802777777778	POINT(8.1802777777778 47.3875)	4035353-9	/m/03x_gg	7286318		http://purl.org/net7/korbo2/item/798
Lesa	Lesa	Q22479	italienische Gemeinde	Italian comune	https://upload.wikimedia.org/wikipedia/commons/9/9d/Solcio_Panorama.JPG	45.833333333333,8.5666666666667	POINT(8.5666666666667 45.833333333333)	4445517-3	/m/0g8t9v	6541847		http://purl.org/net7/korbo2/item/455
Lichtenthal	Lichtental	Q896509	Stadtteil von Baden-Baden, Baden-Württemberg, Deutschland	borough of Baden-Baden, Germany	https://upload.wikimedia.org/wikipedia/commons/1/1b/Baden-Baden-Lichtental_Bonifatiuskirche_03_von_Sueden-gje.jpg	48.7439,8.26083	POINT(8.26083 48.7439)	4753847-8				http://purl.org/net7/korbo2/item/360
Lido	Lido	Q18503363	Siedlung in Italien	"<?xml version='1.0' encoding='UTF-8'?>
<sparql xmlns='http://www.w3.org/2005/sparql-results#'>
	<head>
		<variable name='value'/>
	</head>
	<results>
	</results>
</sparql>
"		45.4105,12.36649	POINT(12.36649 45.4105)	4533980-6		3174748		http://purl.org/net7/korbo2/item/410
Liestal	Liestal	Q68972	Schweizer Gemeinde und Hauptort des Kantons Basel-Landschaft	town in, and capital of, the Swiss canton of Basel-Country	https://upload.wikimedia.org/wikipedia/commons/2/2d/Vorstadt-2000.jpg	47.483888888889,7.735	POINT(7.735 47.483888888889)	4099638-4	/m/01h80y	7286349		http://purl.org/net7/korbo2/item/799
Lindau	Lindau	Q153969	Stadt am Bodensee in Bayern, Deutschland	town in Bavaria, Germany	https://upload.wikimedia.org/wikipedia/commons/2/28/LindauInsel.jpg	47.545833333333,9.6838888888889	POINT(9.6838888888889 47.545833333333)	4074242-8	/m/01jq_7	2877550	1040126	http://purl.org/net7/korbo2/item/450
London	London	Q84	Hauptstadt des Vereinigten Königreichs	capital and largest city of the United Kingdom	https://upload.wikimedia.org/wikipedia/commons/f/fa/London_skyline.JPG	51.507222222222,-0.1275	POINT(-0.1275 51.507222222222)	4074335-4	/m/04jpl	2643743	7011781	http://purl.org/net7/korbo2/item/266
Lörrach	Lörrach	Q6855	Stadt in Deutschland	city in southwest Germany	https://upload.wikimedia.org/wikipedia/commons/b/b7/Aerial_View_-_L%C3%B6rrach.jpg	47.615555555556,7.6613888888889	POINT(7.6613888888889 47.615555555556)	4036147-0	/m/02bdx4	2875881		http://purl.org/net7/korbo2/item/392
Lübeck	Lübeck	Q2843	Großstadt an der Ostseeküste in Schleswig-Holstein, Deutschland	city in Schleswig-Holstein, Germany	https://upload.wikimedia.org/wikipedia/commons/e/ed/L%C3%BCbeck_Holstentor.jpg	53.869722222222,10.686388888889	POINT(10.686388888889 53.869722222222)	4036483-5	/m/04hhb	2875601	7012327	http://purl.org/net7/korbo2/item/57
Ludwigsburg	Ludwigsburg	Q622	Stadt in Baden-Württemberg, Deutschland	city in Baden-Württemberg, Germany	https://upload.wikimedia.org/wikipedia/commons/2/22/Blueba_Lubu.jpg	48.8975,9.1919444444444	POINT(9.1919444444444 48.8975)	4036469-0	/m/035wpv	2875392		http://purl.org/net7/korbo2/item/280
Luzern	Lucerne	Q4191	Schweizer Stadt und Hauptort des Kantons Luzern	city on Lake Lucerne, in central Switzerland	https://upload.wikimedia.org/wikipedia/commons/4/48/Lucerne_2.jpg	47.0523,8.3059	POINT(8.3059 47.0523)	4036733-2	/m/0194f5	2659811	7007280	http://purl.org/net7/korbo2/item/408
Lyon	Lyon	Q456	Hauptstadt der Region Rhône-Alpes und des Départements Rlllhône in Frankreich	commune in the metropolis of Lyon, France	https://upload.wikimedia.org/wikipedia/commons/c/cd/Lyon_paysages.jpg	45.758888888889,4.8413888888889	POINT(4.8413888888889 45.758888888889)	4036770-8	/m/0dprg	2996944	7008772	http://purl.org/net7/korbo2/item/700
Mailand	Milan	Q490	italienische Großstadt, Hauptstadt der Provinz Mailand	second-largest city in Italy	https://upload.wikimedia.org/wikipedia/commons/5/58/Milan.Proper.Wikipedia.Image.png	45.464161,9.190336	POINT(9.190336 45.464161)	4037100-1	/m/0947l	6542283	7005903	http://purl.org/net7/korbo2/item/1699
Malvern	Malvern	Q623323	"<?xml version='1.0' encoding='UTF-8'?>
<sparql xmlns='http://www.w3.org/2005/sparql-results#'>
	<head>
		<variable name='value'/>
	</head>
	<results>
	</results>
</sparql>
"	spa town and civil parish in Worcestershire, England	https://upload.wikimedia.org/wikipedia/commons/d/d4/Great_Malvern_from_the_Hills_-_geograph.org.uk_-_180560.jpg	52.108,-2.325	POINT(-2.325 52.108)	133754-3	/m/020xx0	7290434		http://purl.org/net7/korbo2/item/278
Mannheim	Mannheim	Q2119	Großstadt in Baden-Württemberg, Deutschland	city in Baden-Württemberg, Germany	https://upload.wikimedia.org/wikipedia/commons/2/21/Mannheim_Innenstadt.jpg	49.483611111111,8.4630555555556	POINT(8.4630555555556 49.483611111111)	4037372-1	/m/0pf5y	2873891	7005179	http://purl.org/net7/korbo2/item/767
Mantova	Mantua	Q6247	italienische Gemeinde	Italian comune	https://upload.wikimedia.org/wikipedia/commons/1/1d/Mantova_Skyline.jpg	45.156388888889,10.791111111111	POINT(10.791111111111 45.156388888889)	4114978-6	/m/0d8zt	6541855	7005879	http://purl.org/net7/korbo2/item/376
Marburg	Marburg	Q3869	Universitätsstadt und Kreisstadt im Landkreis Marburg-Biedenkopf in Hessen mit Sonderstatus	seat of Landkreis Marburg-Biedenkopf and city in Hesse, Germany	https://upload.wikimedia.org/wikipedia/commons/8/87/Marburger_Schloss_024.jpg	50.816666666667,8.7666666666667	POINT(8.7666666666667 50.816666666667)	4037446-4	/m/0cy41	2873759		http://purl.org/net7/korbo2/item/255
Mentone	Menton	Q180083	französische Gemeinde	commune in Alpes-Maritimes, France	https://upload.wikimedia.org/wikipedia/commons/d/d7/Menton_vieille_ville.JPG	43.774722222222,7.4997222222222	POINT(7.4997222222222 43.774722222222)	4115099-5	/m/027fgw	6446719		http://purl.org/net7/korbo2/item/414
Meran	Merano	Q131605	italienische Gemeinde	Italian comune	https://upload.wikimedia.org/wikipedia/commons/1/12/Meran_vom_pulverturm_wv_ds_08_2004.jpg	46.668888888889,11.163888888889	POINT(11.163888888889 46.668888888889)	4038688-0	/m/045fm9	6535957		http://purl.org/net7/korbo2/item/361
Milan	Milan	Q490	italienische Großstadt, Hauptstadt der Provinz Mailand	second-largest city in Italy	https://upload.wikimedia.org/wikipedia/commons/5/58/Milan.Proper.Wikipedia.Image.png	45.464161,9.190336	POINT(9.190336 45.464161)	4037100-1	/m/0947l	6542283	7005903	http://korbo2.org/v1/items/2553
Milano	Milan	Q490	italienische Großstadt, Hauptstadt der Provinz Mailand	second-largest city in Italy	https://upload.wikimedia.org/wikipedia/commons/5/58/Milan.Proper.Wikipedia.Image.png	45.464161,9.190336	POINT(9.190336 45.464161)	4037100-1	/m/0947l	6542283	7005903	http://purl.org/net7/korbo2/item/274
Montepulciano	Montepulciano	Q91217	italienische Gemeinde	Italian comune	https://upload.wikimedia.org/wikipedia/commons/d/dd/Montepulciano02.jpg	43.1,11.783333333333	POINT(11.783333333333 43.1)	4115211-6	/m/06ywg0	6541611		http://purl.org/net7/korbo2/item/277
Moscow	Moscow	Q649	Hauptstadt von Russland	capital city and the largest city of Russia; separate federal subject of Russia	https://upload.wikimedia.org/wikipedia/commons/2/24/MSK_Collage_2015.png	55.755833333333,37.617777777778	POINT(37.617777777778 55.755833333333)	4074987-3	/m/04swd	524894	7012974	http://korbo2.org/v1/items/2529
Mülhausen	Mulhouse	Q79815	Mülhausen (französisch Mulhouse, elsässisch Milhüsa) ist eine Stadt in der Region Elsass	commune in Haut-Rhin, France	https://upload.wikimedia.org/wikipedia/commons/2/24/Mulhouse_%2832701038458%29.jpg	47.748611111111,7.3391666666667	POINT(7.3391666666667 47.748611111111)	4040474-2	/m/01_wjj	2991214		http://purl.org/net7/korbo2/item/446
Mulhouse	Mulhouse	Q79815	Mülhausen (französisch Mulhouse, elsässisch Milhüsa) ist eine Stadt in der Region Elsass	commune in Haut-Rhin, France	https://upload.wikimedia.org/wikipedia/commons/2/24/Mulhouse_%2832701038458%29.jpg	47.748611111111,7.3391666666667	POINT(7.3391666666667 47.748611111111)	4040474-2	/m/01_wjj	2991214		http://purl.org/net7/korbo2/item/2544
München	Munich	Q1726	Landeshauptstadt des Freistaates Bayern	city in Bavaria, Germany	https://upload.wikimedia.org/wikipedia/commons/1/14/M%C3%BCnchen_Panorama.JPG	48.137194444444,11.5755	POINT(11.5755 48.137194444444)	4127793-4	/m/02h6_6p	2867714	7004333	http://purl.org/net7/korbo2/item/271
Muri	Muri	Q69011	Gemeinde im Kanton Aargau, Schweiz	municipality in the canton Aargau, Switzerland	https://upload.wikimedia.org/wikipedia/commons/8/8e/Picswiss_AG-23-07.jpg	47.274722222222,8.3416666666667	POINT(8.3416666666667 47.274722222222)	4101789-4	/m/0cwc0j	7286599		http://purl.org/net7/korbo2/item/402
Naumburg a. d. Saale	Naumburg (Saale)	Q15986	Stadt im Burgenlandkreis, Sachsen-Anhalt	town in the district Burgenlandkreis, in the state of Saxony-Anhalt, Germany	https://upload.wikimedia.org/wikipedia/commons/f/f6/KLG_4553_Naumburger_Dom.jpg	51.15,11.816666666667	POINT(11.816666666667 51.15)	4041445-0	/m/04ss38	2866906		http://purl.org/net7/korbo2/item/465
Neapel	Naples	Q2634	italienische Großstadt	city in Campania, Italy	https://upload.wikimedia.org/wikipedia/commons/6/6f/Naples_from_the_Castello_Sant_Elmo_with_Abbazia_San_Martino_the_port_and_the_Vesuv.jpg	40.833333333333,14.25	POINT(14.25 40.833333333333)	4041476-0	/m/0fhsz	3172395	7004474	http://purl.org/net7/korbo2/item/1556
Neumünster	Neumünster	Q3879	kreisfreie Stadt in Schleswig-Holstein, Deutschland	city in Schleswig-Holstein, Germany	https://upload.wikimedia.org/wikipedia/commons/7/79/Neumuensterwappen.jpg	54.071388888889,9.99	POINT(9.99 54.071388888889)	4041845-5	/m/04d32t	2864475		http://purl.org/net7/korbo2/item/218
Neu-Schauenburg	Ruine Neu-Schauenburg	Q2175365	Burg in der Schweiz	ruined castle in the commune of Frenkendorf, Switzerland located near the border of France and Germany.	https://upload.wikimedia.org/wikipedia/commons/1/10/Neu-Schauenburg-Lage-Uebersicht.jpg	47.5006,7.68236	POINT(7.68236 47.5006)	1048371611				http://purl.org/net7/korbo2/item/453
Nizza	Nice	Q33959	französische Großstadt an der Côte d'Azur	city in Alpes-Maritimes, France	https://upload.wikimedia.org/wikipedia/commons/e/e7/Port_Of_Nice%2C_C%C3%B4te_d%27Azur.jpg	43.701944444444,7.2683333333333	POINT(7.2683333333333 43.701944444444)	4075416-9	/m/0cp6w	2990440	7008773	http://purl.org/net7/korbo2/item/466
Nový Bor	Nový Bor	Q1000086	Gemeinde in Tschechien	town in the Liberec Region of the Czech Republic	https://upload.wikimedia.org/wikipedia/commons/9/93/Luftbild_von_Nov%C3%BD_Bor.JPG	50.757681178047,14.555662165889	POINT(14.555662165889 50.757681178047)	4304888-2	/m/07h8_d	3069381		http://purl.org/net7/korbo2/item/103864
Ohio	Wooster	Q989567	Stadt im US-Bundesstaat Ohio	city in Ohio	https://upload.wikimedia.org/wikipedia/commons/1/13/Wooster_downtown2.jpg	40.8092, -81.9372	POINT(-81.9372 40.8092)	4351701-8	/m/0z38m	5129633		http://purl.org/net7/korbo2/item/768
Oldenburg	Oldenburg	Q2936	Großstadt in Niedersachsen, Deutschland	town in Lower Saxony, Germany	https://upload.wikimedia.org/wikipedia/commons/4/4d/Schlosswache_mit_Lambertikirche.jpg	53.143888888889,8.2138888888889	POINT(8.2138888888889 53.143888888889)	4043457-6		2857458		http://purl.org/net7/korbo2/item/308
Paestum	Paestum	Q16896941	"<?xml version='1.0' encoding='UTF-8'?>
<sparql xmlns='http://www.w3.org/2005/sparql-results#'>
	<head>
		<variable name='value'/>
	</head>
	<results>
	</results>
</sparql>
"	frazione in Campania, Italy		40.4058,15.0019	POINT(15.0019 40.4058)	4075809-6				http://purl.org/net7/korbo2/item/401
Paläocastrizza	Palaiokastritsa	Q916750	"<?xml version='1.0' encoding='UTF-8'?>
<sparql xmlns='http://www.w3.org/2005/sparql-results#'>
	<head>
		<variable name='value'/>
	</head>
	<results>
	</results>
</sparql>
"	village in Greece	https://upload.wikimedia.org/wikipedia/commons/b/b2/Palaiokastritsa_coast%2C_Corfu%2C_Greece.jpg	39.67277778,19.70666667	POINT(19.70666667 39.67277778)	7582721-9	/m/0fvygq	2463615		http://purl.org/net7/korbo2/item/438
Paris	Paris	Q90	Hauptstadt von Frankreich	capital and largest city of France	https://upload.wikimedia.org/wikipedia/commons/6/6e/Paris_-_Eiffelturm_und_Marsfeld2.jpg	48.856577777778,2.3518277777778	POINT(2.3518277777778 48.856577777778)	4044660-8	/m/05qtj	2968815	7008038	http://purl.org/net7/korbo2/item/34
Parkowo	Parkowo	Q5478754	"<?xml version='1.0' encoding='UTF-8'?>
<sparql xmlns='http://www.w3.org/2005/sparql-results#'>
	<head>
		<variable name='value'/>
	</head>
	<results>
	</results>
</sparql>
"	"<?xml version='1.0' encoding='UTF-8'?>
<sparql xmlns='http://www.w3.org/2005/sparql-results#'>
	<head>
		<variable name='value'/>
	</head>
	<results>
	</results>
</sparql>
"	https://upload.wikimedia.org/wikipedia/commons/9/96/Parkowo_church_2.jpg	52.7,16.91667	POINT(16.91667 52.7)			3089452		http://purl.org/net7/korbo2/item/2160
Pfirt	Ferrette	Q392059	französische Gemeinde	commune in Haut-Rhin, France	https://upload.wikimedia.org/wikipedia/commons/f/fd/Ferrette_Chateau_2008.jpg	47.493888888889,7.3158333333333	POINT(7.3158333333333 47.493888888889)	4291049-3	/m/03nssbp	3018659		http://purl.org/net7/korbo2/item/268
Pisa	Pisa	Q13375	Stadt in der Toskana in Italien	city in Tuscany, Central Italy	https://upload.wikimedia.org/wikipedia/commons/f/f4/Pisa_-_veduta_dall%27aereo_4.JPG	43.716666666667,10.4	POINT(10.4 43.716666666667)	4046151-8	/m/064xp	6542122	7006082	http://purl.org/net7/korbo2/item/275
Pontresina	Pontresina	Q69259	Gemeinde in der Schweiz	village in the Engadine valley, Graubünden, Switzerland	https://upload.wikimedia.org/wikipedia/commons/2/2f/Pontresina_Dorf.jpg	46.499722222222,9.8997222222222	POINT(9.8997222222222 46.499722222222)	4046768-5	/m/09_cg9	7286818		http://purl.org/net7/korbo2/item/381
Posen	Poznań	Q268	polnische Großstadt	city in Greater Poland Voivodeship, Poland	https://upload.wikimedia.org/wikipedia/commons/8/84/Collage_of_views_of_Pozna%C5%84%2C_Poland.jpg	52.4,16.916666666667	POINT(16.916666666667 52.4)	4046868-9	/m/05xnv	3088171		http://purl.org/net7/korbo2/item/45
Prague	Prague	Q1085	Hauptstadt Tschechiens	capital city of the Czech Republic	https://upload.wikimedia.org/wikipedia/commons/1/1f/Pet%C5%99%C3%ADn_Tower_View_IMG_3020.JPG	50.088611111111,14.421388888889	POINT(14.421388888889 50.088611111111)	4076310-9	/m/05ywg	3067695	7006464	http://purl.org/net7/korbo2/item/214
Pratteln	Pratteln	Q64679	Gemeinde in der Schweiz	municipality in Switzerland	https://upload.wikimedia.org/wikipedia/commons/8/8d/Pratteln_Industrie.jpg	47.5185,7.69275	POINT(7.69275 47.5185)	4237732-8	/m/060rp8	7286828		http://purl.org/net7/korbo2/item/454
Pula	Pula	Q4656	Stadt in Kroatien	town in Istria County, Croatia	https://upload.wikimedia.org/wikipedia/commons/b/bd/Pula_Aerial_View.jpg	44.866666666667,13.833333333333	POINT(13.833333333333 44.866666666667)	4103444-2	/m/02lw53	3192224		http://korbo2.org/v1/items/2537
Rapallo	Rapallo	Q210098	italienische Gemeinde	Italian comune	https://upload.wikimedia.org/wikipedia/commons/e/e4/Rapallo-IMG_0436.JPG	44.35,9.2333333333333	POINT(9.2333333333333 44.35)	4119974-1	/m/04dn78	6537063		http://purl.org/net7/korbo2/item/436
Rheinfelden	Rheinfelden	Q269667	Gemeinde im Kanton Aargau, Schweiz	municipality in the canton Aargau, Switzerland	https://upload.wikimedia.org/wikipedia/commons/3/3b/Old-Town_of_Rheinfelden_with_the_Rhein.JPG	47.553888888889,7.7958333333333	POINT(7.7958333333333 47.553888888889)	4049753-7	/m/05l3tk	7286892		http://purl.org/net7/korbo2/item/772
Riesbach	Riesbach	Q677710	Stadtteil von Zürich	"<?xml version='1.0' encoding='UTF-8'?>
<sparql xmlns='http://www.w3.org/2005/sparql-results#'>
	<head>
		<variable name='value'/>
	</head>
	<results>
	</results>
</sparql>
"		47.355,8.561	POINT(8.561 47.355)	4260374-2	/m/03h4z31	6295542		http://purl.org/net7/korbo2/item/217
Rimini	Rimini	Q13369	italienische Gemeinde	Italian comune	https://upload.wikimedia.org/wikipedia/commons/9/9a/Rimini_Montage.jpg	44.0595,12.5685	POINT(12.5685 44.0595)	4050057-3	/m/0kt0w	6541863		http://purl.org/net7/korbo2/item/382
Roggwil (Thurgau)	Roggwil	Q65577	Gemeinde im Kanton Thurgau, Schweiz	municipality of Switzerland	https://upload.wikimedia.org/wikipedia/commons/0/01/Kybun-tower-roggwil.jpg	47.499444444444,9.395	POINT(9.395 47.499444444444)	4529865-8	/m/0g35yv	7286930		http://korbo2.org/v1/items/104930
Röhrsdorf	Klipphausen	Q8726	Gemeinde im Landkreis Meißen, Sachsen, Deutschland	municipality in the district of Meißen, in Saxony, Germany	https://upload.wikimedia.org/wikipedia/commons/b/bd/Gauernitz-Schloss.jpg	51.083333333333,13.533333333333	POINT(13.533333333333 51.083333333333)	4580415-1	/m/02vw_tz	2887645		http://purl.org/net7/korbo2/item/427
Rom	Rome	Q220	Hauptstadt von Italien	capital and largest city of Italy	https://upload.wikimedia.org/wikipedia/commons/c/c0/Rome_Montage_2017.png	41.893055555556,12.482777777778	POINT(12.482777777778 41.893055555556)	4050471-2	/m/06c62	3169071	7000874	http://purl.org/net7/korbo2/item/131
Rome	Rome	Q220	Hauptstadt von Italien	capital and largest city of Italy	https://upload.wikimedia.org/wikipedia/commons/c/c0/Rome_Montage_2017.png	41.893055555556,12.482777777778	POINT(12.482777777778 41.893055555556)	4050471-2	/m/06c62	3169071	7000874	http://korbo2.org/v1/items/2517
Rotterdam	Rotterdam	Q34370	zweitgrößte Stadt der Niederlande	city in the Netherlands	https://upload.wikimedia.org/wikipedia/commons/f/f8/Erasmusbrug_seen_from_Euromast.jpg	51.9225,4.47917	POINT(4.47917 51.9225)	4050739-7	/m/06hdk	2747890	7006792	http://purl.org/net7/korbo2/item/801
Rüdlingen	Rüdlingen	Q66796	Gemeinde in der Schweiz	municipality in Switzerland	https://upload.wikimedia.org/wikipedia/commons/e/ec/R%C3%BCdlingen.jpg	47.566666666667,8.5663888888889	POINT(8.5663888888889 47.566666666667)	4134083-8	/m/0fvtwq	2658938		http://purl.org/net7/korbo2/item/355
Rudolstadt	Rudolstadt	Q517107	Gemeinde im Landkreis Saalfeld-Rudolstadt, Thüringen, Deutschland	municipality of Germany	https://upload.wikimedia.org/wikipedia/commons/b/b0/RudolstadtBlickVonDerHeidecksburg.jpg	50.716944444444,11.3275	POINT(11.3275 50.716944444444)	4105066-6	/m/09rc1n	2843355		http://purl.org/net7/korbo2/item/823
Saalfeld/Saale	Saalfeld	Q155984	Gemeinde im Landkreis Saalfeld-Rudolstadt, Thüringen, Deutschland	municipality of Germany	https://upload.wikimedia.org/wikipedia/commons/0/09/Stadtkirche_Saalfeld.JPG	50.650555555556,11.354166666667	POINT(11.354166666667 50.650555555556)	4051087-6	/m/03l7sz	2842688		http://purl.org/net7/korbo2/item/825
Sankt Gallen	St. Gallen	Q25607	Schweizer Stadt, Hauptort des Kantons St. Gallen	capital of St. Gallen canton in Switzerland	https://upload.wikimedia.org/wikipedia/commons/a/ab/Sankt_Gallen.jpg	47.423333333333,9.3772222222222	POINT(9.3772222222222 47.423333333333)	4051594-1	/m/0245n9	7287240		http://purl.org/net7/korbo2/item/1696
Sarnen	Sarnen	Q63964	Schweizer Gemeinde und Hauptort des Kantons Obwalden	town in, and capital of, the Swiss canton of Obwalden	https://upload.wikimedia.org/wikipedia/commons/1/1d/Sarnen-See.jpg	46.896944444444,8.2469444444444	POINT(8.2469444444444 46.896944444444)	4379842-1	/m/01v1m4	7287056		http://purl.org/net7/korbo2/item/104708
Sausheim	Sausheim	Q495474	französische Gemeinde	commune in Haut-Rhin, France	https://upload.wikimedia.org/wikipedia/commons/2/29/Sausheim%2C_Mairie.jpg	47.786666666667,7.3730555555556	POINT(7.3730555555556 47.786666666667)	4377731-4	/m/03nphng	2975743		http://korbo2.org/v1/items/104900
Schaffhausen	Schaffhausen	Q9009	Stadt in der Schweiz. Hauptstadt des Kanton Schaffhausen.	Swiss city, capital of the canton of Schaffhausen	https://upload.wikimedia.org/wikipedia/commons/8/82/Schaffhausen_-_Rhein_-_Feuerthalen_IMG_9847.JPG	47.69653,8.63386	POINT(8.63386 47.69653)	4051993-4	/m/017jqc	7287070		http://purl.org/net7/korbo2/item/309
Schänzli	Muttenz	Q66191	Gemeinde in der Schweiz	municipality in Switzerland	https://upload.wikimedia.org/wikipedia/commons/c/c7/Muttenz_Wartenberg.jpg	47.52481, 7.64905	POINT(7.64905 47.52481) 	4256381-1	/m/0ct1qy	7286607		http://purl.org/net7/korbo2/item/409
Schinznach Bad	Schinznach-Bad	Q65328	Gemeinde in der Schweiz	municipality in Switzerland	https://upload.wikimedia.org/wikipedia/commons/2/27/Schinznach-Bad_kuracparko_013.jpg	47.449722222222,8.1694444444444	POINT(8.1694444444444 47.449722222222)	4272401-6	/m/0fy5zz	7287085		http://purl.org/net7/korbo2/item/362
Schliersee	Schliersee	Q260306	Markt im oberbayerischen Landkreis Miesbach	town in Bavaria, Germany	https://upload.wikimedia.org/wikipedia/commons/4/47/Schliersee_St._Sixtus-1.jpg	47.733333333333,11.866666666667	POINT(11.866666666667 47.733333333333)	4135437-0	/m/0d2jvc	2838502		http://purl.org/net7/korbo2/item/267
Schönau	Schönau	Q266721	Gemeinde im niederbayerischen Landkreis Rottal-Inn in Deutschland	municipality of Germany	https://upload.wikimedia.org/wikipedia/commons/6/61/08-07-27%2B15-17-47%2BSch%C3%B6nau%2C_Wasserschloss.JPG	48.483333333333,12.85	POINT(12.85 48.483333333333)	4585171-2	/m/02q7bt9	2837072		http://purl.org/net7/korbo2/item/315
Siena	Siena	Q2751	italienische Gemeinde	city in Tuscany, Italy and capital of the province of Siena	https://upload.wikimedia.org/wikipedia/commons/c/c9/02_Sienne_vue_de_San_Clemente.jpg	43.318333333333,11.331388888889	POINT(11.331388888889 43.318333333333)	4054903-3	/m/079yb	6541466	7011179	http://purl.org/net7/korbo2/item/2081
Sils-Maria Oberengadin	Sils im Engadin/Segl	Q64200	Gemeinde in der Schweiz	municipality in Switzerland	https://upload.wikimedia.org/wikipedia/commons/f/f0/Sils_Maria.jpg	46.433055555556,9.7663888888889	POINT(9.7663888888889 46.433055555556)	4137143-4	/m/0b3mf7	2658589		http://purl.org/net7/korbo2/item/463
Sissach	Sissach	Q66554	Gemeinde in der Schweiz	municipality and the capital of the district of Sissach	https://upload.wikimedia.org/wikipedia/commons/1/1b/Sissach-Kirche.jpg	47.466666666667,7.8166666666667	POINT(7.8166666666667 47.466666666667)	4118679-5	/m/0g81zp	7287180		http://korbo2.org/v1/items/104952
Solothurn	Solothurn	Q68965	Schweizer Stadt, Hauptort des Kantons Solothurn	city in Switzerland, capital of its canton	https://upload.wikimedia.org/wikipedia/commons/8/82/Besenval_stursen_solothurn.jpg	47.208055555556,7.5375	POINT(7.5375 47.208055555556)	4055458-2	/m/0d341	7287186		http://purl.org/net7/korbo2/item/258
Spiez	Spiez	Q69484	Gemeinde in der Schweiz	town in the canton of Bern, Switzerland	https://upload.wikimedia.org/wikipedia/commons/7/79/Spiez.JPG	46.683055555556,7.6663888888889	POINT(7.6663888888889 46.683055555556)	4118755-6	/m/02z3r0	2658536		http://purl.org/net7/korbo2/item/314
St. Gallen	St. Gallen	Q25607	Schweizer Stadt, Hauptort des Kantons St. Gallen	capital of St. Gallen canton in Switzerland	https://upload.wikimedia.org/wikipedia/commons/a/ab/Sankt_Gallen.jpg	47.423333333333,9.3772222222222	POINT(9.3772222222222 47.423333333333)	4051594-1	/m/0245n9	7287240		http://purl.org/net7/korbo2/item/259
St. Moritz	St. Moritz	Q68986	Gemeinde in der Schweiz	resort town in the Engadine valley in Switzerland	https://upload.wikimedia.org/wikipedia/commons/3/31/StMoritz.jpg	46.4975,9.8380555555556	POINT(9.8380555555556 46.4975)	4105326-6	/m/01sd_8	7287245		http://purl.org/net7/korbo2/item/435
Staatsarchiv Basel	Staatsarchiv Basel-Stadt	Q2324698	Kantonsarchiv in Basel (Schweiz)	cantonal archive in Basel (Switzerland)	https://upload.wikimedia.org/wikipedia/commons/8/8c/Basel_Martingsgasse_2.JPG	47.558530555556,7.5888388888889	POINT(7.5888388888889 47.558530555556)	2022516-7				http://purl.org/net7/korbo2/item/18
Strasbourg	Strasbourg	Q6602	Stadt in Frankreich	commune in Bas-Rhin, France	https://upload.wikimedia.org/wikipedia/commons/4/4e/Stra%C3%9Fburg_Ponts_Couverts_03.jpg	48.573333333333,7.7522222222222	POINT(7.7522222222222 48.573333333333)	4057878-1	/m/09b83	2973783	7012346	http://korbo2.org/v1/items/2539
Straßburg	Strasbourg	Q6602	Stadt in Frankreich	commune in Bas-Rhin, France	https://upload.wikimedia.org/wikipedia/commons/4/4e/Stra%C3%9Fburg_Ponts_Couverts_03.jpg	48.573333333333,7.7522222222222	POINT(7.7522222222222 48.573333333333)	4057878-1	/m/09b83	2973783	7012346	http://purl.org/net7/korbo2/item/37
Stuttgart	Stuttgart	Q1022	Landeshauptstadt von Baden-Württemberg, Deutschland	capital city of German federated state Baden-Württemberg	https://upload.wikimedia.org/wikipedia/commons/6/66/Neues_Schloss_Schlossplatzspringbrunnen_Jubil%C3%A4umss%C3%A4ule_Schlossplatz_Stuttgart_2015_01.jpg	48.776111111111,9.1775	POINT(9.1775 48.776111111111)	4058282-6	/m/0727_	2825297	7004425	http://purl.org/net7/korbo2/item/43
Susa	Susa	Q180773	antike Stadt im Südwestiran	ancient city in Iran	https://upload.wikimedia.org/wikipedia/commons/1/16/Susa_house_drawing.jpg	32.2,48.25	POINT(48.25 32.2)	4118912-7	/m/0gf0n	114593		http://purl.org/net7/korbo2/item/103095
Tegernau	Tegernau	Q692977	Ortsteil von Kleines Wiesental, Baden-Württemberg, Deutschland	quarter of Kleines Wiesental, Baden-Württemberg, Germany	https://upload.wikimedia.org/wikipedia/commons/7/7b/Tegernau_-_Gesamtansicht2.jpg	47.719722222222,7.7944444444444	POINT(7.7944444444444 47.719722222222)	7835878-4	/m/02p_r9c	2823692		http://purl.org/net7/korbo2/item/316
Thann	Thann	Q207570	französische Gemeinde	commune in Haut-Rhin, France	https://upload.wikimedia.org/wikipedia/commons/2/2e/Thur_Thann.jpg	47.806666666667,7.1044444444444	POINT(7.1044444444444 47.806666666667)	4224916-8	/m/08shxr	6454567		http://purl.org/net7/korbo2/item/413
Thorn	Toruń	Q47554	polnischer Stadtkreis in der Woiwodschaft Kujawien-Pommern	city in north-central Poland	https://upload.wikimedia.org/wikipedia/commons/7/7a/Collage_of_Torun.png	53.016666666667,18.616666666667	POINT(18.616666666667 53.016666666667)	4059950-4	/m/07pg7	3083271		http://purl.org/net7/korbo2/item/66
Timmendorferstrand	Timmendorfer Strand	Q541750	Gemeinde in Deutschland	municipality of Germany	https://upload.wikimedia.org/wikipedia/commons/d/db/Timmendorfer_Strand_2010_PD_102.JPG	53.994444444444,10.7825	POINT(10.7825 53.994444444444)	4060184-5	/m/0cn70l	2822160		http://purl.org/net7/korbo2/item/822
Torino	Turin	Q495	Großstadt im Piemont, Norditalien	city and commune in Italy	https://upload.wikimedia.org/wikipedia/commons/9/9d/Collage_Torino.jpg	45.066666666667,7.7	POINT(7.7 45.066666666667)	4061245-4	/m/07mgr	3165525	7005688	http://purl.org/net7/korbo2/item/468
Trapani	Trapani	Q13664	italienische Gemeinde	Italian comune	https://upload.wikimedia.org/wikipedia/commons/c/c4/Trapani%2C_Sicily.jpg	38.016666666667,12.516666666667	POINT(12.516666666667 38.016666666667)	4249472-2	/m/0c63w	6542155		http://purl.org/net7/korbo2/item/104845
Tübingen	Tübingen	Q3806	Stadt in Baden-Württemberg, Deutschland	town in central Baden-Württemberg, Germany	https://upload.wikimedia.org/wikipedia/commons/f/fe/T%C3%BCbingen_-_Neckarfront_04.jpg	48.52,9.0555555555556	POINT(9.0555555555556 48.52)	4061147-4	/m/07dh1	2820860		http://purl.org/net7/korbo2/item/263
Turin	Turin	Q495	Großstadt im Piemont, Norditalien	city and commune in Italy	https://upload.wikimedia.org/wikipedia/commons/9/9d/Collage_Torino.jpg	45.066666666667,7.7	POINT(7.7 45.066666666667)	4061245-4	/m/07mgr	3165525	7005688	http://purl.org/net7/korbo2/item/1697
Uster	Uster	Q64032	Stadt im Kanton Zürich, Schweiz	city in the canton of Zürich, Switzerland	https://upload.wikimedia.org/wikipedia/commons/7/7f/Uster_from_Ju-52_HB-HOT.JPG	47.349166666667,8.7191666666667	POINT(8.7191666666667 47.349166666667)	4107491-9	/m/08flgh	7287397		http://korbo2.org/v1/items/104903
Varese	Varese	Q6285	italienische Gemeinde	Italian comune	https://upload.wikimedia.org/wikipedia/commons/3/36/Varese_Palazzo_Estense.jpg	45.816666666667,8.8333333333333	POINT(8.8333333333333 45.816666666667)	4119370-2	/m/0ggt2	6542112		http://purl.org/net7/korbo2/item/383
Venedig	Venice	Q641	Stadt im Nordosten Italiens	city in northeastern Italy, sited on a group of 118 small islands	https://upload.wikimedia.org/wikipedia/commons/f/f8/Venice_Old_Town_Lagoon_Aerial_View.jpg	45.439722222222,12.331944444444	POINT(12.331944444444 45.439722222222)	4062501-1	/m/07_pf	6542284	7018159	http://purl.org/net7/korbo2/item/269
Venice	Venice	Q641	Stadt im Nordosten Italiens	city in northeastern Italy, sited on a group of 118 small islands	https://upload.wikimedia.org/wikipedia/commons/f/f8/Venice_Old_Town_Lagoon_Aerial_View.jpg	45.439722222222,12.331944444444	POINT(12.331944444444 45.439722222222)	4062501-1	/m/07_pf	6542284	7018159	http://korbo2.org/v1/items/2316
Verona	Verona	Q2028	italienische Großstadt	city in Veneto, northern Italy	https://upload.wikimedia.org/wikipedia/commons/8/8f/Collage_Verona.jpg	45.438158333333,10.993741666667	POINT(10.993741666667 45.438158333333)	4063110-2	/m/01n43d	6541865	7003262	http://purl.org/net7/korbo2/item/792
Vitznau	Vitznau	Q14578	Gemeinde im Kanton Luzern, Schweiz	municipality in the canton of Lucerne, Switzerland	https://upload.wikimedia.org/wikipedia/commons/5/57/Prise_de_vue_de_Vitznau_01_-_B%C3%BCrgenstock.jpg	47.009166666667,8.4833333333333	POINT(8.4833333333333 47.009166666667)	4108319-2	/m/03rv9t	7287489		http://purl.org/net7/korbo2/item/447
Washington, DC	Washington, D.C.	Q61	Hauptstadt der Vereinigten Staaten von Amerika	capital city of the United States	https://upload.wikimedia.org/wikipedia/commons/c/cc/Washington_Monument%2C_Washington%2C_D.C._04037u_original.jpg	38.895,-77.036666666667	POINT(-77.036666666667 38.895)	4064682-8	/m/0rh6k	4140963	7013962	http://korbo2.org/v1/items/104926
Weggis	Weggis	Q14580	Gemeinde im Kanton Luzern, Schweiz	municipality in the canton of Lucerne, Switzerland	https://upload.wikimedia.org/wikipedia/commons/1/10/Weggis2002.jpg	47.032222222222,8.4383333333333	POINT(8.4383333333333 47.032222222222)	4064967-2	/m/0d8rdf	7287553		http://purl.org/net7/korbo2/item/407
Weimar	Weimar	Q3955	kreisfreie Stadt in Thüringen, Deutschland	city in Thuringia, Germany	https://upload.wikimedia.org/wikipedia/commons/1/19/Stadtansicht_Weimar_mit_Schloss_und_Herderkirche.jpg	50.983333333333,11.316666666667	POINT(11.316666666667 50.983333333333)	4065105-8	/m/0cpyv	2812479		http://purl.org/net7/korbo2/item/451
Weissbad	Weissbad	Q1443392	Siedlung in der Schweiz	settlement in Appenzell-Innerhoden		47.310277777778,9.4352777777778	POINT(9.4352777777778 47.310277777778)	4496214-9		2658034		http://purl.org/net7/korbo2/item/770
Wenken	Villa Wenkenhof	Q1650264	"<?xml version='1.0' encoding='UTF-8'?>
<sparql xmlns='http://www.w3.org/2005/sparql-results#'>
	<head>
		<variable name='value'/>
	</head>
	<results>
	</results>
</sparql>
"	"<?xml version='1.0' encoding='UTF-8'?>
<sparql xmlns='http://www.w3.org/2005/sparql-results#'>
	<head>
		<variable name='value'/>
	</head>
	<results>
	</results>
</sparql>
"	https://upload.wikimedia.org/wikipedia/commons/a/a2/Riehen_neuer_Wenken_Ansicht_Gartenseite.jpg	47.575,7.6527777777778	POINT(7.6527777777778 47.575)					http://purl.org/net7/korbo2/item/276
Wien	Vienna	Q1741	Hauptstadt und Bundesland von Österreich	capital and one of nine States of Austria	https://upload.wikimedia.org/wikipedia/commons/6/6a/Bernardo_Bellotto%2C_il_Canaletto_-_View_of_Vienna_from_the_Belvedere.jpg	48.20833,16.373064	POINT(16.373064 48.20833)	4066009-6	/m/0fhp9	2761333	7003321	http://purl.org/net7/korbo2/item/262
Wiesbaden	Wiesbaden	Q1721	Landeshauptstadt von Hessen, Deutschland	capital of the German state of Hesse	https://upload.wikimedia.org/wikipedia/commons/2/21/Wiesbaden_Castle.jpg	50.0825,8.24	POINT(8.24 50.0825)	4066043-6	/m/0bp_7	3208839		http://purl.org/net7/korbo2/item/354
Wildegg	Möriken-Wildegg	Q65227	Gemeinde in der Schweiz	municipality in Switzerland	https://upload.wikimedia.org/wikipedia/commons/4/42/Moeriken-Wildegg.jpg	47.416388888889,8.1830555555556	POINT(8.1830555555556 47.416388888889)	4290150-9	/m/0fzk16	2659583		http://purl.org/net7/korbo2/item/215
Wilhelmsdorf (Landkreis Ravensburg)	Wilhelmsdorf	Q557779	Gemeinde in Deutschland, Baden-Württemberg	municipality in Baden-Württemberg, Germany	https://upload.wikimedia.org/wikipedia/commons/2/2f/Wilhelmsdorf_W%C3%BCrttemberg_Blick_zum_Saalplatz_Betsaal_2005.jpg	47.865,9.4275	POINT(9.4275 47.865)	4108870-0	/m/02p_wbp	6556075		http://korbo2.org/v1/items/104816
Wilsdruff	Wilsdruff	Q8248	Stadt im Landkreis Sächsische Schweiz-Osterzgebirge, Sachsen, Deutschland	town in the Sächsische Schweiz-Osterzgebirge, in the Free State of Saxony, Germany	https://upload.wikimedia.org/wikipedia/commons/2/25/Wilsdruff_from_above01.jpg	51.052222222222,13.538333333333	POINT(13.538333333333 51.052222222222)	4317099-7	/m/05__s9	2808436	1037999	http://purl.org/net7/korbo2/item/428
Winterthur	Winterthur	Q9125	Stadt im Kanton Zürich, Schweiz	city in the canton of Zürich, Switzerland	https://upload.wikimedia.org/wikipedia/commons/c/c1/Winterthur_Stadthaus.jpg	47.4992,8.72671	POINT(8.72671 47.4992)	4066337-1	/m/02h_9x	7287592	7007301	http://purl.org/net7/korbo2/item/260
Wooster	Wooster	Q989567	Stadt im US-Bundesstaat Ohio	city in Ohio	https://upload.wikimedia.org/wikipedia/commons/1/13/Wooster_downtown2.jpg	40.8092,-81.9372	POINT(-81.9372 40.8092)	4351701-8	/m/0z38m	5177358		http://purl.org/net7/korbo2/item/769
Wuerzburg	Würzburg	Q2999	Großstadt am Main in Bayern, Deutschland	city in the region of Franconia, Northern Bavaria, Germany	https://upload.wikimedia.org/wikipedia/commons/c/c9/Dom_R1.jpg	49.794444444444,9.9294444444444	POINT(9.9294444444444 49.794444444444)	4067037-5	/m/01pqfc	2805615	7004335	http://purl.org/net7/korbo2/item/771
Zürich	Zürich	Q72	Hauptstadt des Kantons Zürich, Schweiz	capital of the canton of Zürich, Switzerland	https://upload.wikimedia.org/wikipedia/commons/3/3c/Zuerich_Fraumuenster_St_Peter.jpg	47.378611111111,8.54	POINT(8.54 47.378611111111)	4068038-1	/m/08966	7287650	7007302	http://purl.org/net7/korbo2/item/54
Zweibrücken	Zweibrücken	Q16017	kreisfreie Stadt in Rheinland-Pfalz, Deutschland	town in Rhineland-Palatinate, Germany	https://upload.wikimedia.org/wikipedia/commons/0/01/Zweibr%C3%BCcken_castle_front_April_2010_darker.jpg	49.249444444444,7.3608333333333	POINT(7.3608333333333 49.249444444444)	4068199-3	/m/0f_s1	2803620		http://purl.org/net7/korbo2/item/104886
